{"cameraMode":{"drawMode":0,"name":"Shaded","section":"Shading Mode"},"sceneLighting":true,"audioPlay":false,"sceneViewState":{"m_AlwaysRefresh":false,"showFog":true,"showSkybox":true,"showFlares":true,"showImageEffects":true,"showParticleSystems":true,"showVisualEffectGraphs":true,"m_FxEnabled":true},"in2DMode":false,"pivot":{"x":0.7735605239868164,"y":0.05997779965400696,"z":0.4477972090244293},"rotation":{"x":-0.034770891070365909,"y":0.9573808908462524,"z":-0.130339115858078,"w":-0.25540149211883547},"size":0.29068365693092348,"orthographic":false}