{"cameraMode":{"drawMode":0,"name":"Shaded","section":"Shading Mode"},"sceneLighting":true,"audioPlay":false,"sceneViewState":{"m_AlwaysRefresh":false,"showFog":true,"showSkybox":true,"showFlares":true,"showImageEffects":true,"showParticleSystems":true,"showVisualEffectGraphs":true,"m_FxEnabled":true},"in2DMode":false,"pivot":{"x":-0.014996676705777645,"y":0.02422352321445942,"z":-0.007860522717237473},"rotation":{"x":-0.2295469045639038,"y":0.7426438927650452,"z":-0.3120691180229187,"w":-0.5462633371353149},"size":0.07080080360174179,"orthographic":false}